INSERT INTO ROLE (ID, NAME) VALUES (1, 'Sales');
INSERT INTO ROLE (ID, NAME) VALUES (2, 'Engineer');
INSERT INTO ROLE (ID, NAME) VALUES (3, 'Trader');

INSERT INTO MEMBER (ID) VALUES (1);
INSERT INTO MEMBER (ID) VALUES (2);
INSERT INTO MEMBER (ID) VALUES (3);
INSERT INTO MEMBER (ID) VALUES (4);
INSERT INTO MEMBER (ID) VALUES (5);
INSERT INTO MEMBER (ID) VALUES (6);
INSERT INTO MEMBER (ID) VALUES (7);
INSERT INTO MEMBER (ID) VALUES (8);
INSERT INTO MEMBER (ID) VALUES (9);
INSERT INTO MEMBER (ID) VALUES (10);
INSERT INTO MEMBER (ID) VALUES (11);
INSERT INTO MEMBER (ID) VALUES (12);
INSERT INTO MEMBER (ID) VALUES (13);

INSERT INTO TEAM (ID, NAME) VALUES (1, 'team.sales.europe');
INSERT INTO TEAM (ID, NAME) VALUES (2, 'team.sales.paris');
INSERT INTO TEAM (ID, NAME) VALUES (3, 'team.engineer.europe');
INSERT INTO TEAM (ID, NAME) VALUES (4, 'team.trader.europe');
INSERT INTO TEAM (ID, NAME) VALUES (5, 'team.trader.asia');

INSERT INTO USER (ID, NAME) VALUES (6, 'user.sales.europe');
INSERT INTO USER (ID, NAME) VALUES (7, 'user.sales.paris');
INSERT INTO USER (ID, NAME) VALUES (8, 'user.sales_engineer.europe');
INSERT INTO USER (ID, NAME) VALUES (9, 'user.eng_1.europe');
INSERT INTO USER (ID, NAME) VALUES (10, 'user.eng_2.europe');
INSERT INTO USER (ID, NAME) VALUES (11, 'user.trader_1.europe');
INSERT INTO USER (ID, NAME) VALUES (12, 'user.trader_2.europe');
INSERT INTO USER (ID, NAME) VALUES (13, 'user.trader.asia');

INSERT INTO USER_ROLE (USER_ID, ROLES_ID) VALUES (6, 1);
INSERT INTO USER_ROLE (USER_ID, ROLES_ID) VALUES (7, 1);
INSERT INTO USER_ROLE (USER_ID, ROLES_ID) VALUES (8, 1);
INSERT INTO USER_ROLE (USER_ID, ROLES_ID) VALUES (8, 2);
INSERT INTO USER_ROLE (USER_ID, ROLES_ID) VALUES (9, 2);
INSERT INTO USER_ROLE (USER_ID, ROLES_ID) VALUES (10, 2);
INSERT INTO USER_ROLE (USER_ID, ROLES_ID) VALUES (11, 3);
INSERT INTO USER_ROLE (USER_ID, ROLES_ID) VALUES (12, 3);
INSERT INTO USER_ROLE (USER_ID, ROLES_ID) VALUES (13, 3);

INSERT INTO TEAM_MEMBER (TEAM_ID, MEMBER_ID) VALUES (1, 6);
INSERT INTO TEAM_MEMBER (TEAM_ID, MEMBER_ID) VALUES (1, 8);
INSERT INTO TEAM_MEMBER (TEAM_ID, MEMBER_ID) VALUES (1, 2);
INSERT INTO TEAM_MEMBER (TEAM_ID, MEMBER_ID) VALUES (2, 7);
INSERT INTO TEAM_MEMBER (TEAM_ID, MEMBER_ID) VALUES (3, 8);
INSERT INTO TEAM_MEMBER (TEAM_ID, MEMBER_ID) VALUES (3, 9);
INSERT INTO TEAM_MEMBER (TEAM_ID, MEMBER_ID) VALUES (3, 10);
INSERT INTO TEAM_MEMBER (TEAM_ID, MEMBER_ID) VALUES (4, 11);
INSERT INTO TEAM_MEMBER (TEAM_ID, MEMBER_ID) VALUES (4, 12);
INSERT INTO TEAM_MEMBER (TEAM_ID, MEMBER_ID) VALUES (5, 13);

INSERT INTO PRODUCT (ID, NAME, NOMINAL, SALESINITIATOR_ID, SALES_ID, PRICER_ID, STRUCTURER_ID, SWAPTRADER_ID, CDSTRADER_ID, XCCYTRADER_ID,
                     SALESINITIATORTEAM_ID, SALESTEAM_ID, PRICERTEAM_ID, STRUCTURERTEAM_ID, SWAPTRADERTEAM_ID, CDSTRADERTEAM_ID, XCCYTRADERTEAM_ID)
  VALUES (1, 'product_1', 100000, 6, 6, 10, 10, 12, 12, 12, 1, 1, 3, 3, 4, 4, 4);
INSERT INTO PRODUCT (ID, NAME, NOMINAL, SALESINITIATOR_ID, SALES_ID, PRICER_ID, STRUCTURER_ID, SWAPTRADER_ID, CDSTRADER_ID, XCCYTRADER_ID,
                     SALESINITIATORTEAM_ID, SALESTEAM_ID, PRICERTEAM_ID, STRUCTURERTEAM_ID, SWAPTRADERTEAM_ID, CDSTRADERTEAM_ID, XCCYTRADERTEAM_ID)
  VALUES (2, 'product_2', 200000, 7, 7, 9, 9, 13, 13, 13, 2, 2, 3, 3, 5, 5, 5);
INSERT INTO PRODUCT (ID, NAME, NOMINAL, SALESINITIATOR_ID, SALES_ID, PRICER_ID, STRUCTURER_ID, SWAPTRADER_ID, CDSTRADER_ID, XCCYTRADER_ID,
                     SALESINITIATORTEAM_ID, SALESTEAM_ID, PRICERTEAM_ID, STRUCTURERTEAM_ID, SWAPTRADERTEAM_ID, CDSTRADERTEAM_ID, XCCYTRADERTEAM_ID)
  VALUES (3, 'product_3', 300000, 6, 7, 9, 9, 12, 12, 12, 1, 2, 3, 3, 4, 4, 4);
INSERT INTO PRODUCT (ID, NAME, NOMINAL, SALESINITIATOR_ID, SALES_ID, PRICER_ID, STRUCTURER_ID, SWAPTRADER_ID, CDSTRADER_ID, XCCYTRADER_ID,
                     SALESINITIATORTEAM_ID, SALESTEAM_ID, PRICERTEAM_ID, STRUCTURERTEAM_ID, SWAPTRADERTEAM_ID, CDSTRADERTEAM_ID, XCCYTRADERTEAM_ID)
  VALUES (4, 'product_4', 400000, 8, 8, 8, 9, 13, 13, 13, 1, 1, 3, 3, 5, 5, 5);
INSERT INTO PRODUCT (ID, NAME, NOMINAL, SALESINITIATOR_ID, SALES_ID, PRICER_ID, STRUCTURER_ID, SWAPTRADER_ID, CDSTRADER_ID, XCCYTRADER_ID,
                     SALESINITIATORTEAM_ID, SALESTEAM_ID, PRICERTEAM_ID, STRUCTURERTEAM_ID, SWAPTRADERTEAM_ID, CDSTRADERTEAM_ID, XCCYTRADERTEAM_ID)
  VALUES (5, 'product_5', 500000, 6, 8, 9, 10, 11, 11, 11, 1, 1, 3, 3, 4, 4, 4);
INSERT INTO PRODUCT (ID, NAME, NOMINAL, SALESINITIATOR_ID, SALES_ID, PRICER_ID, STRUCTURER_ID, SWAPTRADER_ID, CDSTRADER_ID, XCCYTRADER_ID,
                     SALESINITIATORTEAM_ID, SALESTEAM_ID, PRICERTEAM_ID, STRUCTURERTEAM_ID, SWAPTRADERTEAM_ID, CDSTRADERTEAM_ID, XCCYTRADERTEAM_ID)
  VALUES (6, 'product_6', 600000, 7, 7, 10, 10, 11, 11, 11, 2, 2, 3, 3, 4, 4, 4);
INSERT INTO PRODUCT (ID, NAME, NOMINAL, SALESINITIATOR_ID, SALES_ID, PRICER_ID, STRUCTURER_ID, SWAPTRADER_ID, CDSTRADER_ID, XCCYTRADER_ID,
                     SALESINITIATORTEAM_ID, SALESTEAM_ID, PRICERTEAM_ID, STRUCTURERTEAM_ID, SWAPTRADERTEAM_ID, CDSTRADERTEAM_ID, XCCYTRADERTEAM_ID)
  VALUES (7, 'product_7', 700000, 7, 8, 8, 8, 11, 12, 13, 2, 1, 3, 3, 4, 4, 5);

INSERT INTO TASK (ID, PRODUCT_ID, TASK_CODE, ASSIGNED_TEAM, ASSIGNED_ROLE) VALUES (1, 1, 'sales_team_task', 'team.sales.europe', 'Sales');
INSERT INTO TASK (ID, PRODUCT_ID, TASK_CODE, ASSIGNED_TEAM, ASSIGNED_ROLE) VALUES (2, 2, 'engineer_team_task', 'team.engineer.europe', 'Engineer');
INSERT INTO TASK (ID, PRODUCT_ID, TASK_CODE, ASSIGNED_TEAM, ASSIGNED_ROLE) VALUES (3, 2, 'trader_team_task', 'team.trader.europe', 'Trader');
INSERT INTO TASK (ID, PRODUCT_ID, TASK_CODE, ASSIGNED_TEAM, ASSIGNED_ROLE) VALUES (4, 2, 'sales_team_task', 'team.sales.paris', 'Sales');

INSERT INTO TASK (ID, PRODUCT_ID, TASK_CODE, ASSIGNED_USER, ASSIGNED_ROLE) VALUES (5, 1, 'sales_user_task', 'user.sales.europe', 'Sales');
INSERT INTO TASK (ID, PRODUCT_ID, TASK_CODE, ASSIGNED_USER, ASSIGNED_ROLE) VALUES (6, 1, 'engineer_user_task', 'user.eng_2.europe', 'Engineer');
INSERT INTO TASK (ID, PRODUCT_ID, TASK_CODE, ASSIGNED_USER, ASSIGNED_ROLE) VALUES (7, 1, 'trader_user_task', 'user.trader_2.europe', 'Trader');
INSERT INTO TASK (ID, PRODUCT_ID, TASK_CODE, ASSIGNED_USER, ASSIGNED_ROLE) VALUES (8, 2, 'sales_user_task', 'user.sales.paris', 'Sales');
INSERT INTO TASK (ID, PRODUCT_ID, TASK_CODE, ASSIGNED_USER, ASSIGNED_ROLE) VALUES (9, 2, 'trader_user_task', 'user.trader.asia', 'Trader');
